{
    "loss_history": [
        0.606528388888586,
        0.2919397793107872,
        0.24073873077588923,
        0.2077238999566064,
        0.18354971627069538,
        0.16423746812248957,
        0.14932508517986423,
        0.13600529624692492,
        0.12508942135427958,
        0.1160298197701306,
        0.10797491687139237,
        0.10056603930416562,
        0.09451924322611571,
        0.08853059801755281,
        0.08305477759670539,
        0.07754949461264643,
        0.07406964627250043,
        0.06949570189781436,
        0.06634164688075686,
        0.06255422844739715
    ],
    "val_loss_history": [
        0.3233423479117984,
        0.25279088873133365,
        0.21637435127568516,
        0.1902594918186039,
        0.17558568311766096,
        0.16103022363402536,
        0.15803880496167624,
        0.1373530141185244,
        0.13784045007107604,
        0.1251150672205976,
        0.11799872008519674,
        0.11377241030803217,
        0.10995320824367684,
        0.10714242530587587,
        0.10567988710013453,
        0.10007033553044517,
        0.09694490024077165,
        0.09820218746026431,
        0.09229812348538008,
        0.09320480034954788
    ],
    "accuracy_history": [
        0.9080555555555555,
        0.9281296296296296,
        0.9380185185185185,
        0.9467222222222222,
        0.9513518518518519,
        0.956574074074074,
        0.9591111111111111,
        0.9647592592592592,
        0.9649814814814814,
        0.9701481481481481,
        0.9732037037037037,
        0.9738888888888889,
        0.9762962962962963,
        0.9776666666666667,
        0.9796851851851852,
        0.9801111111111112,
        0.982037037037037,
        0.9810740740740741,
        0.9843148148148149,
        0.9840555555555556
    ],
    "val_accuracy_history": [
        0.91,
        0.9276666666666666,
        0.9371666666666667,
        0.9458333333333333,
        0.9496666666666667,
        0.9536666666666667,
        0.9566666666666667,
        0.96,
        0.9586666666666667,
        0.9643333333333334,
        0.9678333333333333,
        0.9675,
        0.9698333333333333,
        0.9695,
        0.9716666666666667,
        0.9718333333333333,
        0.9726666666666667,
        0.9698333333333333,
        0.9735,
        0.9716666666666667
    ]
}